{
    "loss": 0.049605075269937515,
    "accuracy": 0.9722222089767456
}